role_id,model_type,model_id
1,'App\Models\User',1
2,'App\Models\User',2
2,'App\Models\User',3
2,'App\Models\User',4
2,'App\Models\User',5
2,'App\Models\User',6
2,'App\Models\User',7
2,'App\Models\User',8
2,'App\Models\User',9
2,'App\Models\User',10
2,'App\Models\User',11
2,'App\Models\User',12
2,'App\Models\User',13
2,'App\Models\User',14
2,'App\Models\User',15
2,'App\Models\User',16
2,'App\Models\User',17
2,'App\Models\User',18
2,'App\Models\User',19
2,'App\Models\User',20
2,'App\Models\User',21
2,'App\Models\User',22
2,'App\Models\User',23
2,'App\Models\User',24
2,'App\Models\User',25
2,'App\Models\User',26
2,'App\Models\User',27
2,'App\Models\User',28
2,'App\Models\User',29
2,'App\Models\User',30
4,'App\Models\User',31
4,'App\Models\User',32
4,'App\Models\User',33
4,'App\Models\User',34
4,'App\Models\User',35
4,'App\Models\User',36
4,'App\Models\User',37
4,'App\Models\User',38
4,'App\Models\User',39
4,'App\Models\User',40
4,'App\Models\User',41
4,'App\Models\User',42
4,'App\Models\User',43
4,'App\Models\User',44
4,'App\Models\User',45
4,'App\Models\User',46
4,'App\Models\User',47
4,'App\Models\User',48
4,'App\Models\User',49
4,'App\Models\User',50
4,'App\Models\User',51
4,'App\Models\User',52
4,'App\Models\User',53
4,'App\Models\User',54
4,'App\Models\User',55
4,'App\Models\User',56
4,'App\Models\User',57
4,'App\Models\User',58
4,'App\Models\User',59
4,'App\Models\User',60
4,'App\Models\User',61
4,'App\Models\User',62
4,'App\Models\User',63
4,'App\Models\User',64
4,'App\Models\User',65
4,'App\Models\User',66
4,'App\Models\User',67
4,'App\Models\User',68
4,'App\Models\User',69
4,'App\Models\User',70
4,'App\Models\User',71
4,'App\Models\User',72
4,'App\Models\User',73
4,'App\Models\User',74
4,'App\Models\User',75
4,'App\Models\User',76
4,'App\Models\User',77
4,'App\Models\User',78
4,'App\Models\User',79
4,'App\Models\User',80
4,'App\Models\User',81
4,'App\Models\User',82
4,'App\Models\User',83
4,'App\Models\User',84
4,'App\Models\User',85
4,'App\Models\User',86
4,'App\Models\User',87
4,'App\Models\User',88
4,'App\Models\User',89
4,'App\Models\User',90
4,'App\Models\User',91
4,'App\Models\User',92
4,'App\Models\User',93
4,'App\Models\User',94
4,'App\Models\User',95
4,'App\Models\User',96
4,'App\Models\User',97
4,'App\Models\User',98
4,'App\Models\User',99
4,'App\Models\User',100
4,'App\Models\User',101
4,'App\Models\User',102
4,'App\Models\User',103
4,'App\Models\User',104
4,'App\Models\User',105
4,'App\Models\User',106
4,'App\Models\User',107
4,'App\Models\User',108
4,'App\Models\User',109
4,'App\Models\User',110
4,'App\Models\User',111
4,'App\Models\User',112
4,'App\Models\User',113
4,'App\Models\User',114
4,'App\Models\User',115
4,'App\Models\User',116
4,'App\Models\User',117
4,'App\Models\User',118
4,'App\Models\User',119
4,'App\Models\User',120
4,'App\Models\User',121
4,'App\Models\User',122
4,'App\Models\User',123
4,'App\Models\User',124
4,'App\Models\User',125
4,'App\Models\User',126
4,'App\Models\User',127
4,'App\Models\User',128
4,'App\Models\User',129
4,'App\Models\User',130
4,'App\Models\User',131
4,'App\Models\User',132
4,'App\Models\User',133
4,'App\Models\User',134
4,'App\Models\User',135
4,'App\Models\User',136
4,'App\Models\User',137
4,'App\Models\User',138
4,'App\Models\User',139
4,'App\Models\User',140
4,'App\Models\User',141
4,'App\Models\User',142
4,'App\Models\User',143
4,'App\Models\User',144
4,'App\Models\User',145
4,'App\Models\User',146
4,'App\Models\User',147
4,'App\Models\User',148
4,'App\Models\User',149
4,'App\Models\User',150
4,'App\Models\User',151
4,'App\Models\User',152
4,'App\Models\User',153
4,'App\Models\User',154
4,'App\Models\User',155
4,'App\Models\User',156
4,'App\Models\User',157
4,'App\Models\User',158
4,'App\Models\User',159
4,'App\Models\User',160
4,'App\Models\User',161
4,'App\Models\User',162
4,'App\Models\User',163
4,'App\Models\User',164
4,'App\Models\User',165
4,'App\Models\User',166
4,'App\Models\User',167
4,'App\Models\User',168
4,'App\Models\User',169
4,'App\Models\User',170
4,'App\Models\User',171
4,'App\Models\User',172
4,'App\Models\User',173
4,'App\Models\User',174
4,'App\Models\User',175
4,'App\Models\User',176
4,'App\Models\User',177
4,'App\Models\User',178
4,'App\Models\User',179
4,'App\Models\User',180
4,'App\Models\User',181
4,'App\Models\User',182
4,'App\Models\User',183
4,'App\Models\User',184
4,'App\Models\User',185
4,'App\Models\User',186
4,'App\Models\User',187
4,'App\Models\User',188
4,'App\Models\User',189
4,'App\Models\User',190
4,'App\Models\User',191
4,'App\Models\User',192
4,'App\Models\User',193
4,'App\Models\User',194
4,'App\Models\User',195
4,'App\Models\User',196
4,'App\Models\User',197
4,'App\Models\User',198
4,'App\Models\User',199
4,'App\Models\User',200
4,'App\Models\User',201
4,'App\Models\User',202
4,'App\Models\User',203
4,'App\Models\User',204
4,'App\Models\User',205
4,'App\Models\User',206
4,'App\Models\User',207
4,'App\Models\User',208
4,'App\Models\User',209
4,'App\Models\User',210
4,'App\Models\User',211
4,'App\Models\User',212
4,'App\Models\User',213
4,'App\Models\User',214
4,'App\Models\User',215
4,'App\Models\User',216
4,'App\Models\User',217
4,'App\Models\User',218
4,'App\Models\User',219
4,'App\Models\User',220
4,'App\Models\User',221
4,'App\Models\User',222
4,'App\Models\User',223
4,'App\Models\User',224
4,'App\Models\User',225
4,'App\Models\User',226
4,'App\Models\User',227
4,'App\Models\User',228
4,'App\Models\User',229
4,'App\Models\User',230
4,'App\Models\User',231
4,'App\Models\User',232
4,'App\Models\User',233
4,'App\Models\User',234
4,'App\Models\User',235
4,'App\Models\User',236
4,'App\Models\User',237
4,'App\Models\User',238
4,'App\Models\User',239
4,'App\Models\User',240
4,'App\Models\User',241
4,'App\Models\User',242
4,'App\Models\User',243
4,'App\Models\User',244
4,'App\Models\User',245
4,'App\Models\User',246
4,'App\Models\User',247
4,'App\Models\User',248
4,'App\Models\User',249
4,'App\Models\User',250
4,'App\Models\User',251
4,'App\Models\User',252
4,'App\Models\User',253
4,'App\Models\User',254
4,'App\Models\User',255
4,'App\Models\User',256
4,'App\Models\User',257
4,'App\Models\User',258
4,'App\Models\User',259
4,'App\Models\User',260
4,'App\Models\User',261
4,'App\Models\User',262
4,'App\Models\User',263
4,'App\Models\User',264
4,'App\Models\User',265
4,'App\Models\User',266
4,'App\Models\User',267
4,'App\Models\User',268
4,'App\Models\User',269
4,'App\Models\User',270
4,'App\Models\User',271
4,'App\Models\User',272
4,'App\Models\User',273
4,'App\Models\User',274
4,'App\Models\User',275
4,'App\Models\User',276
4,'App\Models\User',277
4,'App\Models\User',278
4,'App\Models\User',279
4,'App\Models\User',280
4,'App\Models\User',281
4,'App\Models\User',282
4,'App\Models\User',283
4,'App\Models\User',284
4,'App\Models\User',285
4,'App\Models\User',286
4,'App\Models\User',287
4,'App\Models\User',288
4,'App\Models\User',289
4,'App\Models\User',290
4,'App\Models\User',291
4,'App\Models\User',292
4,'App\Models\User',293
4,'App\Models\User',294
4,'App\Models\User',295
4,'App\Models\User',296
4,'App\Models\User',297
4,'App\Models\User',298
4,'App\Models\User',299
4,'App\Models\User',300
4,'App\Models\User',301
4,'App\Models\User',302
4,'App\Models\User',303
4,'App\Models\User',304
4,'App\Models\User',305
4,'App\Models\User',306
4,'App\Models\User',307
4,'App\Models\User',308
4,'App\Models\User',309
4,'App\Models\User',310
4,'App\Models\User',311
4,'App\Models\User',312
4,'App\Models\User',313
4,'App\Models\User',314
4,'App\Models\User',315
4,'App\Models\User',316
4,'App\Models\User',317
4,'App\Models\User',318
4,'App\Models\User',319
4,'App\Models\User',320
4,'App\Models\User',321
4,'App\Models\User',322
4,'App\Models\User',323
4,'App\Models\User',324
4,'App\Models\User',325
4,'App\Models\User',326
4,'App\Models\User',327
4,'App\Models\User',328
4,'App\Models\User',329
4,'App\Models\User',330
4,'App\Models\User',331
4,'App\Models\User',332
4,'App\Models\User',333
4,'App\Models\User',334
4,'App\Models\User',335
4,'App\Models\User',336
4,'App\Models\User',337
4,'App\Models\User',338
4,'App\Models\User',339
4,'App\Models\User',340
4,'App\Models\User',341
4,'App\Models\User',342
4,'App\Models\User',343
4,'App\Models\User',344
4,'App\Models\User',345
4,'App\Models\User',346
4,'App\Models\User',347
4,'App\Models\User',348
4,'App\Models\User',349
4,'App\Models\User',350
4,'App\Models\User',351
4,'App\Models\User',352
4,'App\Models\User',353
4,'App\Models\User',354
4,'App\Models\User',355
4,'App\Models\User',356
4,'App\Models\User',357
4,'App\Models\User',358
4,'App\Models\User',359
4,'App\Models\User',360
4,'App\Models\User',361
4,'App\Models\User',362
4,'App\Models\User',363
4,'App\Models\User',364
4,'App\Models\User',365
4,'App\Models\User',366
4,'App\Models\User',367
4,'App\Models\User',368
4,'App\Models\User',369
4,'App\Models\User',370
4,'App\Models\User',371
4,'App\Models\User',372
4,'App\Models\User',373
4,'App\Models\User',374
4,'App\Models\User',375
4,'App\Models\User',376
4,'App\Models\User',377
4,'App\Models\User',378
4,'App\Models\User',379
4,'App\Models\User',380
4,'App\Models\User',381
4,'App\Models\User',382
4,'App\Models\User',383
4,'App\Models\User',384
4,'App\Models\User',385
4,'App\Models\User',386
4,'App\Models\User',387
4,'App\Models\User',388
4,'App\Models\User',389
4,'App\Models\User',390
4,'App\Models\User',391
4,'App\Models\User',392
4,'App\Models\User',393
4,'App\Models\User',394
4,'App\Models\User',395
4,'App\Models\User',396
4,'App\Models\User',397
4,'App\Models\User',398
4,'App\Models\User',399
4,'App\Models\User',400
4,'App\Models\User',401
4,'App\Models\User',402
4,'App\Models\User',403
4,'App\Models\User',404
4,'App\Models\User',405
4,'App\Models\User',406
4,'App\Models\User',407
4,'App\Models\User',408
4,'App\Models\User',409
4,'App\Models\User',410
4,'App\Models\User',411
4,'App\Models\User',412
4,'App\Models\User',413
4,'App\Models\User',414
4,'App\Models\User',415
4,'App\Models\User',416
4,'App\Models\User',417
4,'App\Models\User',418
4,'App\Models\User',419
4,'App\Models\User',420
4,'App\Models\User',421
4,'App\Models\User',422
4,'App\Models\User',423
4,'App\Models\User',424
4,'App\Models\User',425
4,'App\Models\User',426
4,'App\Models\User',427
4,'App\Models\User',428
4,'App\Models\User',429
4,'App\Models\User',430
4,'App\Models\User',431
4,'App\Models\User',432
4,'App\Models\User',433
4,'App\Models\User',434
4,'App\Models\User',435
4,'App\Models\User',436
4,'App\Models\User',437
4,'App\Models\User',438
4,'App\Models\User',439
4,'App\Models\User',440
4,'App\Models\User',441
4,'App\Models\User',442
4,'App\Models\User',443
4,'App\Models\User',444
4,'App\Models\User',445
4,'App\Models\User',446
4,'App\Models\User',447
4,'App\Models\User',448
4,'App\Models\User',449
4,'App\Models\User',450
4,'App\Models\User',451
4,'App\Models\User',452
4,'App\Models\User',453
4,'App\Models\User',454
4,'App\Models\User',455
4,'App\Models\User',456
4,'App\Models\User',457
4,'App\Models\User',458
4,'App\Models\User',459
4,'App\Models\User',460
4,'App\Models\User',461
4,'App\Models\User',462
4,'App\Models\User',463
4,'App\Models\User',464
4,'App\Models\User',465
4,'App\Models\User',466
4,'App\Models\User',467
4,'App\Models\User',468
4,'App\Models\User',469
4,'App\Models\User',470
4,'App\Models\User',471
4,'App\Models\User',472
4,'App\Models\User',473
4,'App\Models\User',474
4,'App\Models\User',475
4,'App\Models\User',476
4,'App\Models\User',477
4,'App\Models\User',478
4,'App\Models\User',479
4,'App\Models\User',480
4,'App\Models\User',481
4,'App\Models\User',482
4,'App\Models\User',483
4,'App\Models\User',484
4,'App\Models\User',485
4,'App\Models\User',486
4,'App\Models\User',487
4,'App\Models\User',488
4,'App\Models\User',489
4,'App\Models\User',490
4,'App\Models\User',491
4,'App\Models\User',492
4,'App\Models\User',493
4,'App\Models\User',494
4,'App\Models\User',495
4,'App\Models\User',496
4,'App\Models\User',497
4,'App\Models\User',498
4,'App\Models\User',499
4,'App\Models\User',500
4,'App\Models\User',501
4,'App\Models\User',502
4,'App\Models\User',503
4,'App\Models\User',504
4,'App\Models\User',505
4,'App\Models\User',506
4,'App\Models\User',507
4,'App\Models\User',508
4,'App\Models\User',509
4,'App\Models\User',510
4,'App\Models\User',511
4,'App\Models\User',512
4,'App\Models\User',513
4,'App\Models\User',514
4,'App\Models\User',515
4,'App\Models\User',516
4,'App\Models\User',517
4,'App\Models\User',518
4,'App\Models\User',519
4,'App\Models\User',520
4,'App\Models\User',521
4,'App\Models\User',522
4,'App\Models\User',523
4,'App\Models\User',524
4,'App\Models\User',525
4,'App\Models\User',526
4,'App\Models\User',527
4,'App\Models\User',528
4,'App\Models\User',529
4,'App\Models\User',530
4,'App\Models\User',531
4,'App\Models\User',532
4,'App\Models\User',533
4,'App\Models\User',534
4,'App\Models\User',535
4,'App\Models\User',536
4,'App\Models\User',537
4,'App\Models\User',538
4,'App\Models\User',539
4,'App\Models\User',540
4,'App\Models\User',541
4,'App\Models\User',542
4,'App\Models\User',543
4,'App\Models\User',544
4,'App\Models\User',545
4,'App\Models\User',546
4,'App\Models\User',547
4,'App\Models\User',548
4,'App\Models\User',549
4,'App\Models\User',550
4,'App\Models\User',551
4,'App\Models\User',552
4,'App\Models\User',553
4,'App\Models\User',554
4,'App\Models\User',555
4,'App\Models\User',556
4,'App\Models\User',557
4,'App\Models\User',558
4,'App\Models\User',559
4,'App\Models\User',560
4,'App\Models\User',561
4,'App\Models\User',562
4,'App\Models\User',563
4,'App\Models\User',564
4,'App\Models\User',565
4,'App\Models\User',566
4,'App\Models\User',567
4,'App\Models\User',568
4,'App\Models\User',569
4,'App\Models\User',570
4,'App\Models\User',571
4,'App\Models\User',572
4,'App\Models\User',573
4,'App\Models\User',574
4,'App\Models\User',575
4,'App\Models\User',576
4,'App\Models\User',577
4,'App\Models\User',578
4,'App\Models\User',579
4,'App\Models\User',580
4,'App\Models\User',581
4,'App\Models\User',582
4,'App\Models\User',583
4,'App\Models\User',584
4,'App\Models\User',585
4,'App\Models\User',586
4,'App\Models\User',587
4,'App\Models\User',588
4,'App\Models\User',589
4,'App\Models\User',590
4,'App\Models\User',591
4,'App\Models\User',592
4,'App\Models\User',593
4,'App\Models\User',594
4,'App\Models\User',595
4,'App\Models\User',596
4,'App\Models\User',597
4,'App\Models\User',598
4,'App\Models\User',599
4,'App\Models\User',600
4,'App\Models\User',601
4,'App\Models\User',602
4,'App\Models\User',603
4,'App\Models\User',604
4,'App\Models\User',605
4,'App\Models\User',606
4,'App\Models\User',607
4,'App\Models\User',608
4,'App\Models\User',609
4,'App\Models\User',610
4,'App\Models\User',611
4,'App\Models\User',612
4,'App\Models\User',613
4,'App\Models\User',614
4,'App\Models\User',615
4,'App\Models\User',616
4,'App\Models\User',617
4,'App\Models\User',618
4,'App\Models\User',619
4,'App\Models\User',620
4,'App\Models\User',621
4,'App\Models\User',622
4,'App\Models\User',623
4,'App\Models\User',624
4,'App\Models\User',625
4,'App\Models\User',626
4,'App\Models\User',627
4,'App\Models\User',628
4,'App\Models\User',629
4,'App\Models\User',630
4,'App\Models\User',631
4,'App\Models\User',632
4,'App\Models\User',633
4,'App\Models\User',634
4,'App\Models\User',635
4,'App\Models\User',636
4,'App\Models\User',637
4,'App\Models\User',638
4,'App\Models\User',639
4,'App\Models\User',640
4,'App\Models\User',641
4,'App\Models\User',642
4,'App\Models\User',643
4,'App\Models\User',644
4,'App\Models\User',645
4,'App\Models\User',646
4,'App\Models\User',647
4,'App\Models\User',648
4,'App\Models\User',649
4,'App\Models\User',650
4,'App\Models\User',651
4,'App\Models\User',652
4,'App\Models\User',653
4,'App\Models\User',654
4,'App\Models\User',655
4,'App\Models\User',656
4,'App\Models\User',657
4,'App\Models\User',658
4,'App\Models\User',659
4,'App\Models\User',660
4,'App\Models\User',661
4,'App\Models\User',662
4,'App\Models\User',663
4,'App\Models\User',664
4,'App\Models\User',665
4,'App\Models\User',666
4,'App\Models\User',667
4,'App\Models\User',668
4,'App\Models\User',669
4,'App\Models\User',670
4,'App\Models\User',671
4,'App\Models\User',672
4,'App\Models\User',673
4,'App\Models\User',674
4,'App\Models\User',675
4,'App\Models\User',676
4,'App\Models\User',677
4,'App\Models\User',678
4,'App\Models\User',679
4,'App\Models\User',680
4,'App\Models\User',681
4,'App\Models\User',682
4,'App\Models\User',683
4,'App\Models\User',684
4,'App\Models\User',685
4,'App\Models\User',686
4,'App\Models\User',687
4,'App\Models\User',688
4,'App\Models\User',689
4,'App\Models\User',690
4,'App\Models\User',691
4,'App\Models\User',692
4,'App\Models\User',693
4,'App\Models\User',694
4,'App\Models\User',695
4,'App\Models\User',696
4,'App\Models\User',697
4,'App\Models\User',698
4,'App\Models\User',699
4,'App\Models\User',700
4,'App\Models\User',701
4,'App\Models\User',702
4,'App\Models\User',703
4,'App\Models\User',704
4,'App\Models\User',705
4,'App\Models\User',706
4,'App\Models\User',707
4,'App\Models\User',708
4,'App\Models\User',709
4,'App\Models\User',710
4,'App\Models\User',711
4,'App\Models\User',712
4,'App\Models\User',713
4,'App\Models\User',714
4,'App\Models\User',715
4,'App\Models\User',716
4,'App\Models\User',717
4,'App\Models\User',718
4,'App\Models\User',719
4,'App\Models\User',720
4,'App\Models\User',721
4,'App\Models\User',722
4,'App\Models\User',723
4,'App\Models\User',724
4,'App\Models\User',725
4,'App\Models\User',726
4,'App\Models\User',727
4,'App\Models\User',728
4,'App\Models\User',729
4,'App\Models\User',730
4,'App\Models\User',731
4,'App\Models\User',732
3,'App\Models\User',733
3,'App\Models\User',734
3,'App\Models\User',735
3,'App\Models\User',736
3,'App\Models\User',737
3,'App\Models\User',738
3,'App\Models\User',739
3,'App\Models\User',740
3,'App\Models\User',741
3,'App\Models\User',742
3,'App\Models\User',743
3,'App\Models\User',744
3,'App\Models\User',745
3,'App\Models\User',746
3,'App\Models\User',747
3,'App\Models\User',748
3,'App\Models\User',749
3,'App\Models\User',750
3,'App\Models\User',751
3,'App\Models\User',752
3,'App\Models\User',753
3,'App\Models\User',754
3,'App\Models\User',755
3,'App\Models\User',756
3,'App\Models\User',757
3,'App\Models\User',758
3,'App\Models\User',759
3,'App\Models\User',760
3,'App\Models\User',761
3,'App\Models\User',762
3,'App\Models\User',763
3,'App\Models\User',764
3,'App\Models\User',765
3,'App\Models\User',766
3,'App\Models\User',767
3,'App\Models\User',768
3,'App\Models\User',769
3,'App\Models\User',770
3,'App\Models\User',771
3,'App\Models\User',772
3,'App\Models\User',773
3,'App\Models\User',774
3,'App\Models\User',775
3,'App\Models\User',776
3,'App\Models\User',777
3,'App\Models\User',778
3,'App\Models\User',779
3,'App\Models\User',780
3,'App\Models\User',781
3,'App\Models\User',782
3,'App\Models\User',783
3,'App\Models\User',784
3,'App\Models\User',785
3,'App\Models\User',786
3,'App\Models\User',787
3,'App\Models\User',788
3,'App\Models\User',789
3,'App\Models\User',790
3,'App\Models\User',791
3,'App\Models\User',792
3,'App\Models\User',793
3,'App\Models\User',794
3,'App\Models\User',795
3,'App\Models\User',796
3,'App\Models\User',797
3,'App\Models\User',798
3,'App\Models\User',799
3,'App\Models\User',800
3,'App\Models\User',801
3,'App\Models\User',802
3,'App\Models\User',803
3,'App\Models\User',804
3,'App\Models\User',805
3,'App\Models\User',806
3,'App\Models\User',807
3,'App\Models\User',808
3,'App\Models\User',809
3,'App\Models\User',810
3,'App\Models\User',811
3,'App\Models\User',812
3,'App\Models\User',813
3,'App\Models\User',814
3,'App\Models\User',815
3,'App\Models\User',816
3,'App\Models\User',817
3,'App\Models\User',818
3,'App\Models\User',819
3,'App\Models\User',820
3,'App\Models\User',821
3,'App\Models\User',822
3,'App\Models\User',823
3,'App\Models\User',824
3,'App\Models\User',825
3,'App\Models\User',826
3,'App\Models\User',827
3,'App\Models\User',828
3,'App\Models\User',829
3,'App\Models\User',830
3,'App\Models\User',831
3,'App\Models\User',832
3,'App\Models\User',833
3,'App\Models\User',834
3,'App\Models\User',835
3,'App\Models\User',836
3,'App\Models\User',837
3,'App\Models\User',838
3,'App\Models\User',839
3,'App\Models\User',840
3,'App\Models\User',841
3,'App\Models\User',842
3,'App\Models\User',843
3,'App\Models\User',844
3,'App\Models\User',845
3,'App\Models\User',846
3,'App\Models\User',847
3,'App\Models\User',848
3,'App\Models\User',849
3,'App\Models\User',850
3,'App\Models\User',851
3,'App\Models\User',852
3,'App\Models\User',853
3,'App\Models\User',854
3,'App\Models\User',855
3,'App\Models\User',856
3,'App\Models\User',857
3,'App\Models\User',858
3,'App\Models\User',859
3,'App\Models\User',860
3,'App\Models\User',861
3,'App\Models\User',862
3,'App\Models\User',863
3,'App\Models\User',864
3,'App\Models\User',865
3,'App\Models\User',866
3,'App\Models\User',867
3,'App\Models\User',868
3,'App\Models\User',869
3,'App\Models\User',870
3,'App\Models\User',871
3,'App\Models\User',872
3,'App\Models\User',873
3,'App\Models\User',874
3,'App\Models\User',875
3,'App\Models\User',876
3,'App\Models\User',877
3,'App\Models\User',878
3,'App\Models\User',879
3,'App\Models\User',880
3,'App\Models\User',881
3,'App\Models\User',882
3,'App\Models\User',883
3,'App\Models\User',884
3,'App\Models\User',885
3,'App\Models\User',886
3,'App\Models\User',887
3,'App\Models\User',888
3,'App\Models\User',889
3,'App\Models\User',890
3,'App\Models\User',891
3,'App\Models\User',892
3,'App\Models\User',893
3,'App\Models\User',894
3,'App\Models\User',895
3,'App\Models\User',896
3,'App\Models\User',897
3,'App\Models\User',898
3,'App\Models\User',899
3,'App\Models\User',900
3,'App\Models\User',901
3,'App\Models\User',902
3,'App\Models\User',903
3,'App\Models\User',904
3,'App\Models\User',905
3,'App\Models\User',906
3,'App\Models\User',907
3,'App\Models\User',908
3,'App\Models\User',909
3,'App\Models\User',910
3,'App\Models\User',911
3,'App\Models\User',912
3,'App\Models\User',913
3,'App\Models\User',914
3,'App\Models\User',915
3,'App\Models\User',916
3,'App\Models\User',917
3,'App\Models\User',918
3,'App\Models\User',919
3,'App\Models\User',920
3,'App\Models\User',921
3,'App\Models\User',922
3,'App\Models\User',923
3,'App\Models\User',924
3,'App\Models\User',925
3,'App\Models\User',926
3,'App\Models\User',927
3,'App\Models\User',928
3,'App\Models\User',929
3,'App\Models\User',930
3,'App\Models\User',931
3,'App\Models\User',932
3,'App\Models\User',933
3,'App\Models\User',934
3,'App\Models\User',935
3,'App\Models\User',936
3,'App\Models\User',937
3,'App\Models\User',938
3,'App\Models\User',939
3,'App\Models\User',940
3,'App\Models\User',941
3,'App\Models\User',942
3,'App\Models\User',943
3,'App\Models\User',944
3,'App\Models\User',945
3,'App\Models\User',946
3,'App\Models\User',947
3,'App\Models\User',948
3,'App\Models\User',949
3,'App\Models\User',950
3,'App\Models\User',951
3,'App\Models\User',952
3,'App\Models\User',953
3,'App\Models\User',954
3,'App\Models\User',955
3,'App\Models\User',956
3,'App\Models\User',957
3,'App\Models\User',958
3,'App\Models\User',959
3,'App\Models\User',960
3,'App\Models\User',961
3,'App\Models\User',962
3,'App\Models\User',963
3,'App\Models\User',964
3,'App\Models\User',965
3,'App\Models\User',966
3,'App\Models\User',967
3,'App\Models\User',968
3,'App\Models\User',969
3,'App\Models\User',970
3,'App\Models\User',971
3,'App\Models\User',972
3,'App\Models\User',973
3,'App\Models\User',974
3,'App\Models\User',975
3,'App\Models\User',976
3,'App\Models\User',977
3,'App\Models\User',978
3,'App\Models\User',979
3,'App\Models\User',980
3,'App\Models\User',981
3,'App\Models\User',982
3,'App\Models\User',983
3,'App\Models\User',984
3,'App\Models\User',985
3,'App\Models\User',986
3,'App\Models\User',987
3,'App\Models\User',988
3,'App\Models\User',989
3,'App\Models\User',990
3,'App\Models\User',991
3,'App\Models\User',992
3,'App\Models\User',993
3,'App\Models\User',994
3,'App\Models\User',995
3,'App\Models\User',996
3,'App\Models\User',997
3,'App\Models\User',998
3,'App\Models\User',999
3,'App\Models\User',1000
3,'App\Models\User',1001
3,'App\Models\User',1002
3,'App\Models\User',1003
3,'App\Models\User',1004
3,'App\Models\User',1005
3,'App\Models\User',1006
3,'App\Models\User',1007
3,'App\Models\User',1008
3,'App\Models\User',1009
3,'App\Models\User',1010
3,'App\Models\User',1011
3,'App\Models\User',1012
3,'App\Models\User',1013
3,'App\Models\User',1014
3,'App\Models\User',1015
3,'App\Models\User',1016
3,'App\Models\User',1017
3,'App\Models\User',1018
3,'App\Models\User',1019
3,'App\Models\User',1020
3,'App\Models\User',1021
3,'App\Models\User',1022
3,'App\Models\User',1023
3,'App\Models\User',1024
3,'App\Models\User',1025
3,'App\Models\User',1026
3,'App\Models\User',1027
3,'App\Models\User',1028
3,'App\Models\User',1029
3,'App\Models\User',1030
3,'App\Models\User',1031
3,'App\Models\User',1032
3,'App\Models\User',1033
3,'App\Models\User',1034
3,'App\Models\User',1035
3,'App\Models\User',1036
3,'App\Models\User',1037
3,'App\Models\User',1038
3,'App\Models\User',1039
3,'App\Models\User',1040
3,'App\Models\User',1041
3,'App\Models\User',1042
3,'App\Models\User',1043
3,'App\Models\User',1044
3,'App\Models\User',1045
3,'App\Models\User',1046
3,'App\Models\User',1047
3,'App\Models\User',1048
3,'App\Models\User',1049
3,'App\Models\User',1050
3,'App\Models\User',1051
3,'App\Models\User',1052
3,'App\Models\User',1053
3,'App\Models\User',1054
3,'App\Models\User',1055
3,'App\Models\User',1056
3,'App\Models\User',1057
3,'App\Models\User',1058
3,'App\Models\User',1059
3,'App\Models\User',1060
3,'App\Models\User',1061
3,'App\Models\User',1062
3,'App\Models\User',1063
3,'App\Models\User',1064
3,'App\Models\User',1065
3,'App\Models\User',1066
3,'App\Models\User',1067
3,'App\Models\User',1068
3,'App\Models\User',1069
3,'App\Models\User',1070
3,'App\Models\User',1071
3,'App\Models\User',1072
3,'App\Models\User',1073
3,'App\Models\User',1074
3,'App\Models\User',1075
3,'App\Models\User',1076
3,'App\Models\User',1077
3,'App\Models\User',1078
3,'App\Models\User',1079
3,'App\Models\User',1080
3,'App\Models\User',1081
3,'App\Models\User',1082
3,'App\Models\User',1083
3,'App\Models\User',1084
3,'App\Models\User',1085
3,'App\Models\User',1086
3,'App\Models\User',1087
3,'App\Models\User',1088
3,'App\Models\User',1089
3,'App\Models\User',1090
3,'App\Models\User',1091
3,'App\Models\User',1092
3,'App\Models\User',1093
3,'App\Models\User',1094
3,'App\Models\User',1095
3,'App\Models\User',1096
3,'App\Models\User',1097
3,'App\Models\User',1098
3,'App\Models\User',1099
3,'App\Models\User',1100
3,'App\Models\User',1101
3,'App\Models\User',1102
3,'App\Models\User',1103
3,'App\Models\User',1104
3,'App\Models\User',1105
3,'App\Models\User',1106
3,'App\Models\User',1107
3,'App\Models\User',1108
3,'App\Models\User',1109
3,'App\Models\User',1110
3,'App\Models\User',1111
3,'App\Models\User',1112
3,'App\Models\User',1113
3,'App\Models\User',1114
3,'App\Models\User',1115
3,'App\Models\User',1116
3,'App\Models\User',1117
3,'App\Models\User',1118
3,'App\Models\User',1119
3,'App\Models\User',1120
3,'App\Models\User',1121
3,'App\Models\User',1122
3,'App\Models\User',1123
3,'App\Models\User',1124
3,'App\Models\User',1125
3,'App\Models\User',1126
3,'App\Models\User',1127
3,'App\Models\User',1128
3,'App\Models\User',1129
3,'App\Models\User',1130
3,'App\Models\User',1131
3,'App\Models\User',1132
3,'App\Models\User',1133
3,'App\Models\User',1134
3,'App\Models\User',1135
3,'App\Models\User',1136
3,'App\Models\User',1137
3,'App\Models\User',1138
3,'App\Models\User',1139
3,'App\Models\User',1140
3,'App\Models\User',1141
3,'App\Models\User',1142
3,'App\Models\User',1143
3,'App\Models\User',1144
3,'App\Models\User',1145
3,'App\Models\User',1146
3,'App\Models\User',1147
3,'App\Models\User',1148
3,'App\Models\User',1149
3,'App\Models\User',1150
3,'App\Models\User',1151
3,'App\Models\User',1152
3,'App\Models\User',1153
3,'App\Models\User',1154
3,'App\Models\User',1155
3,'App\Models\User',1156
3,'App\Models\User',1157
3,'App\Models\User',1158
3,'App\Models\User',1159
3,'App\Models\User',1160
3,'App\Models\User',1161
3,'App\Models\User',1162
3,'App\Models\User',1163
3,'App\Models\User',1164
3,'App\Models\User',1165
3,'App\Models\User',1166
3,'App\Models\User',1167
3,'App\Models\User',1168
3,'App\Models\User',1169
3,'App\Models\User',1170
3,'App\Models\User',1171
3,'App\Models\User',1172
3,'App\Models\User',1173
3,'App\Models\User',1174
3,'App\Models\User',1175
3,'App\Models\User',1176
3,'App\Models\User',1177
3,'App\Models\User',1178
3,'App\Models\User',1179
3,'App\Models\User',1180
3,'App\Models\User',1181
3,'App\Models\User',1182
3,'App\Models\User',1183
3,'App\Models\User',1184
3,'App\Models\User',1185
3,'App\Models\User',1186
3,'App\Models\User',1187
3,'App\Models\User',1188
3,'App\Models\User',1189
3,'App\Models\User',1190
3,'App\Models\User',1191
3,'App\Models\User',1192
3,'App\Models\User',1193
3,'App\Models\User',1194
3,'App\Models\User',1195
3,'App\Models\User',1196
3,'App\Models\User',1197
3,'App\Models\User',1198
3,'App\Models\User',1199
3,'App\Models\User',1200
3,'App\Models\User',1201
3,'App\Models\User',1202
3,'App\Models\User',1203
3,'App\Models\User',1204
3,'App\Models\User',1205
3,'App\Models\User',1206
3,'App\Models\User',1207
3,'App\Models\User',1208
3,'App\Models\User',1209
3,'App\Models\User',1210
3,'App\Models\User',1211
3,'App\Models\User',1212
3,'App\Models\User',1213
3,'App\Models\User',1214
3,'App\Models\User',1215
3,'App\Models\User',1216
3,'App\Models\User',1217
3,'App\Models\User',1218
3,'App\Models\User',1219
3,'App\Models\User',1220
3,'App\Models\User',1221
3,'App\Models\User',1222
3,'App\Models\User',1223
3,'App\Models\User',1224
3,'App\Models\User',1225
3,'App\Models\User',1226
3,'App\Models\User',1227
3,'App\Models\User',1228
3,'App\Models\User',1229
3,'App\Models\User',1230
3,'App\Models\User',1231
3,'App\Models\User',1232
3,'App\Models\User',1233
3,'App\Models\User',1234
3,'App\Models\User',1235
3,'App\Models\User',1236
3,'App\Models\User',1237
3,'App\Models\User',1238
3,'App\Models\User',1239
3,'App\Models\User',1240
3,'App\Models\User',1241
3,'App\Models\User',1242
3,'App\Models\User',1243
3,'App\Models\User',1244
3,'App\Models\User',1245
3,'App\Models\User',1246
3,'App\Models\User',1247
3,'App\Models\User',1248
3,'App\Models\User',1249
3,'App\Models\User',1250
3,'App\Models\User',1251
3,'App\Models\User',1252
3,'App\Models\User',1253
3,'App\Models\User',1254
3,'App\Models\User',1255
3,'App\Models\User',1256
3,'App\Models\User',1257
3,'App\Models\User',1258
3,'App\Models\User',1259
3,'App\Models\User',1260
3,'App\Models\User',1261
3,'App\Models\User',1262
3,'App\Models\User',1263
3,'App\Models\User',1264
3,'App\Models\User',1265
3,'App\Models\User',1266
3,'App\Models\User',1267
3,'App\Models\User',1268
3,'App\Models\User',1269
3,'App\Models\User',1270
3,'App\Models\User',1271
3,'App\Models\User',1272
3,'App\Models\User',1273
3,'App\Models\User',1274
3,'App\Models\User',1275
3,'App\Models\User',1276
3,'App\Models\User',1277
3,'App\Models\User',1278
3,'App\Models\User',1279
3,'App\Models\User',1280
3,'App\Models\User',1281
3,'App\Models\User',1282
3,'App\Models\User',1283
3,'App\Models\User',1284
3,'App\Models\User',1285
3,'App\Models\User',1286
3,'App\Models\User',1287
3,'App\Models\User',1288
3,'App\Models\User',1289
3,'App\Models\User',1290
3,'App\Models\User',1291
3,'App\Models\User',1292
3,'App\Models\User',1293
3,'App\Models\User',1294
3,'App\Models\User',1295
3,'App\Models\User',1296
3,'App\Models\User',1297
3,'App\Models\User',1298
3,'App\Models\User',1299
3,'App\Models\User',1300
3,'App\Models\User',1301
3,'App\Models\User',1302
3,'App\Models\User',1303
3,'App\Models\User',1304
3,'App\Models\User',1305
3,'App\Models\User',1306
3,'App\Models\User',1307
3,'App\Models\User',1308
3,'App\Models\User',1309
3,'App\Models\User',1310
3,'App\Models\User',1311
3,'App\Models\User',1312
3,'App\Models\User',1313
3,'App\Models\User',1314
3,'App\Models\User',1315
3,'App\Models\User',1316
3,'App\Models\User',1317
3,'App\Models\User',1318
3,'App\Models\User',1319
3,'App\Models\User',1320
3,'App\Models\User',1321
3,'App\Models\User',1322
3,'App\Models\User',1323
3,'App\Models\User',1324
3,'App\Models\User',1325
3,'App\Models\User',1326
3,'App\Models\User',1327
3,'App\Models\User',1328
3,'App\Models\User',1329
3,'App\Models\User',1330
3,'App\Models\User',1331
3,'App\Models\User',1332
3,'App\Models\User',1333
3,'App\Models\User',1334
3,'App\Models\User',1335
3,'App\Models\User',1336
3,'App\Models\User',1337
3,'App\Models\User',1338
3,'App\Models\User',1339
3,'App\Models\User',1340
3,'App\Models\User',1341
3,'App\Models\User',1342
3,'App\Models\User',1343
3,'App\Models\User',1344
3,'App\Models\User',1345
3,'App\Models\User',1346
3,'App\Models\User',1347
3,'App\Models\User',1348
3,'App\Models\User',1349
3,'App\Models\User',1350
3,'App\Models\User',1351
3,'App\Models\User',1352
3,'App\Models\User',1353
3,'App\Models\User',1354
3,'App\Models\User',1355
3,'App\Models\User',1356
3,'App\Models\User',1357
3,'App\Models\User',1358
3,'App\Models\User',1359
3,'App\Models\User',1360
3,'App\Models\User',1361
3,'App\Models\User',1362
3,'App\Models\User',1363
3,'App\Models\User',1364
3,'App\Models\User',1365
3,'App\Models\User',1366
3,'App\Models\User',1367
3,'App\Models\User',1368
3,'App\Models\User',1369
3,'App\Models\User',1370
3,'App\Models\User',1371
3,'App\Models\User',1372
3,'App\Models\User',1373
3,'App\Models\User',1374
3,'App\Models\User',1375
3,'App\Models\User',1376
3,'App\Models\User',1377
3,'App\Models\User',1378
3,'App\Models\User',1379
3,'App\Models\User',1380
3,'App\Models\User',1381
3,'App\Models\User',1382
3,'App\Models\User',1383
3,'App\Models\User',1384
3,'App\Models\User',1385
3,'App\Models\User',1386
3,'App\Models\User',1387
3,'App\Models\User',1388
3,'App\Models\User',1389
3,'App\Models\User',1390
3,'App\Models\User',1391
3,'App\Models\User',1392
3,'App\Models\User',1393
3,'App\Models\User',1394
3,'App\Models\User',1395
3,'App\Models\User',1396
3,'App\Models\User',1397
3,'App\Models\User',1398
3,'App\Models\User',1399
3,'App\Models\User',1400
3,'App\Models\User',1401
3,'App\Models\User',1402
3,'App\Models\User',1403
3,'App\Models\User',1404
3,'App\Models\User',1405
3,'App\Models\User',1406
3,'App\Models\User',1407
3,'App\Models\User',1408
3,'App\Models\User',1409
3,'App\Models\User',1410
3,'App\Models\User',1411
3,'App\Models\User',1412
3,'App\Models\User',1413
3,'App\Models\User',1414
3,'App\Models\User',1415
3,'App\Models\User',1416
3,'App\Models\User',1417
3,'App\Models\User',1418
3,'App\Models\User',1419
3,'App\Models\User',1420
3,'App\Models\User',1421
3,'App\Models\User',1422
3,'App\Models\User',1423
3,'App\Models\User',1424
3,'App\Models\User',1425
3,'App\Models\User',1426
3,'App\Models\User',1427
3,'App\Models\User',1428
3,'App\Models\User',1429
3,'App\Models\User',1430
3,'App\Models\User',1431
3,'App\Models\User',1432
3,'App\Models\User',1433
3,'App\Models\User',1434
3,'App\Models\User',1435
3,'App\Models\User',1436
3,'App\Models\User',1437
3,'App\Models\User',1438
3,'App\Models\User',1439
3,'App\Models\User',1440
3,'App\Models\User',1441
3,'App\Models\User',1442
3,'App\Models\User',1443
3,'App\Models\User',1444
3,'App\Models\User',1445
3,'App\Models\User',1446
3,'App\Models\User',1447
3,'App\Models\User',1448
3,'App\Models\User',1449
3,'App\Models\User',1450
3,'App\Models\User',1451
3,'App\Models\User',1452
3,'App\Models\User',1453
3,'App\Models\User',1454
3,'App\Models\User',1455
3,'App\Models\User',1456
3,'App\Models\User',1457
3,'App\Models\User',1458
3,'App\Models\User',1459
3,'App\Models\User',1460
3,'App\Models\User',1461
3,'App\Models\User',1462
3,'App\Models\User',1463
3,'App\Models\User',1464
3,'App\Models\User',1465
3,'App\Models\User',1466
3,'App\Models\User',1467
3,'App\Models\User',1468
3,'App\Models\User',1469
3,'App\Models\User',1470
3,'App\Models\User',1471
3,'App\Models\User',1472
3,'App\Models\User',1473
3,'App\Models\User',1474
3,'App\Models\User',1475
3,'App\Models\User',1476
3,'App\Models\User',1477
3,'App\Models\User',1478
3,'App\Models\User',1479
3,'App\Models\User',1480
3,'App\Models\User',1481
3,'App\Models\User',1482
3,'App\Models\User',1483
3,'App\Models\User',1484
3,'App\Models\User',1485
3,'App\Models\User',1486
3,'App\Models\User',1487
3,'App\Models\User',1488
3,'App\Models\User',1489
3,'App\Models\User',1490
3,'App\Models\User',1491
3,'App\Models\User',1492
3,'App\Models\User',1493
3,'App\Models\User',1494
3,'App\Models\User',1495
3,'App\Models\User',1496
3,'App\Models\User',1497
3,'App\Models\User',1498
3,'App\Models\User',1499
3,'App\Models\User',1500
3,'App\Models\User',1501
3,'App\Models\User',1502
3,'App\Models\User',1503
3,'App\Models\User',1504
3,'App\Models\User',1505
3,'App\Models\User',1506
3,'App\Models\User',1507
3,'App\Models\User',1508
3,'App\Models\User',1509
3,'App\Models\User',1510
3,'App\Models\User',1511
3,'App\Models\User',1512
3,'App\Models\User',1513
3,'App\Models\User',1514
3,'App\Models\User',1515
3,'App\Models\User',1516
3,'App\Models\User',1517
3,'App\Models\User',1518
3,'App\Models\User',1519
3,'App\Models\User',1520
3,'App\Models\User',1521
3,'App\Models\User',1522
3,'App\Models\User',1523
3,'App\Models\User',1524
3,'App\Models\User',1525
3,'App\Models\User',1526
3,'App\Models\User',1527
3,'App\Models\User',1528
3,'App\Models\User',1529
3,'App\Models\User',1530
3,'App\Models\User',1531
3,'App\Models\User',1532
3,'App\Models\User',1533
3,'App\Models\User',1534
3,'App\Models\User',1535
3,'App\Models\User',1536
3,'App\Models\User',1537
3,'App\Models\User',1538
3,'App\Models\User',1539
3,'App\Models\User',1540
3,'App\Models\User',1541
3,'App\Models\User',1542
3,'App\Models\User',1543
3,'App\Models\User',1544
3,'App\Models\User',1545
3,'App\Models\User',1546
3,'App\Models\User',1547
3,'App\Models\User',1548
3,'App\Models\User',1549
3,'App\Models\User',1550
3,'App\Models\User',1551
3,'App\Models\User',1552
3,'App\Models\User',1553
3,'App\Models\User',1554
3,'App\Models\User',1555
3,'App\Models\User',1556
3,'App\Models\User',1557
3,'App\Models\User',1558
3,'App\Models\User',1559
3,'App\Models\User',1560
3,'App\Models\User',1561
3,'App\Models\User',1562
3,'App\Models\User',1563
3,'App\Models\User',1564
3,'App\Models\User',1565
3,'App\Models\User',1566
3,'App\Models\User',1567
3,'App\Models\User',1568
3,'App\Models\User',1569
3,'App\Models\User',1570
3,'App\Models\User',1571
3,'App\Models\User',1572
3,'App\Models\User',1573
3,'App\Models\User',1574
3,'App\Models\User',1575
3,'App\Models\User',1576
3,'App\Models\User',1577
3,'App\Models\User',1578
3,'App\Models\User',1579
3,'App\Models\User',1580
3,'App\Models\User',1581
3,'App\Models\User',1582
3,'App\Models\User',1583
3,'App\Models\User',1584
3,'App\Models\User',1585
3,'App\Models\User',1586
3,'App\Models\User',1587
3,'App\Models\User',1588
3,'App\Models\User',1589
3,'App\Models\User',1590
3,'App\Models\User',1591
3,'App\Models\User',1592
3,'App\Models\User',1593
3,'App\Models\User',1594
3,'App\Models\User',1595
3,'App\Models\User',1596
3,'App\Models\User',1597
3,'App\Models\User',1598
3,'App\Models\User',1599
3,'App\Models\User',1600
3,'App\Models\User',1601
3,'App\Models\User',1602
3,'App\Models\User',1603
3,'App\Models\User',1604
3,'App\Models\User',1605
3,'App\Models\User',1606
3,'App\Models\User',1607
3,'App\Models\User',1608
3,'App\Models\User',1609
3,'App\Models\User',1610
3,'App\Models\User',1611
3,'App\Models\User',1612
3,'App\Models\User',1613
3,'App\Models\User',1614
3,'App\Models\User',1615
3,'App\Models\User',1616
3,'App\Models\User',1617
3,'App\Models\User',1618
3,'App\Models\User',1619
3,'App\Models\User',1620
3,'App\Models\User',1621
3,'App\Models\User',1622
3,'App\Models\User',1623
3,'App\Models\User',1624
3,'App\Models\User',1625
3,'App\Models\User',1626
3,'App\Models\User',1627
3,'App\Models\User',1628
3,'App\Models\User',1629
3,'App\Models\User',1630
3,'App\Models\User',1631
3,'App\Models\User',1632
3,'App\Models\User',1633
3,'App\Models\User',1634
3,'App\Models\User',1635
3,'App\Models\User',1636
3,'App\Models\User',1637
3,'App\Models\User',1638
3,'App\Models\User',1639
3,'App\Models\User',1640
3,'App\Models\User',1641
3,'App\Models\User',1642
3,'App\Models\User',1643
3,'App\Models\User',1644
3,'App\Models\User',1645
3,'App\Models\User',1646
3,'App\Models\User',1647
3,'App\Models\User',1648
3,'App\Models\User',1649
3,'App\Models\User',1650
3,'App\Models\User',1651
3,'App\Models\User',1652
3,'App\Models\User',1653
3,'App\Models\User',1654
3,'App\Models\User',1655
3,'App\Models\User',1656
3,'App\Models\User',1657
3,'App\Models\User',1658
3,'App\Models\User',1659
3,'App\Models\User',1660
3,'App\Models\User',1661
3,'App\Models\User',1662
3,'App\Models\User',1663
3,'App\Models\User',1664
3,'App\Models\User',1665
3,'App\Models\User',1666
3,'App\Models\User',1667
3,'App\Models\User',1668
3,'App\Models\User',1669
3,'App\Models\User',1670
3,'App\Models\User',1671
3,'App\Models\User',1672
3,'App\Models\User',1673
3,'App\Models\User',1674
3,'App\Models\User',1675
3,'App\Models\User',1676
3,'App\Models\User',1677
3,'App\Models\User',1678
3,'App\Models\User',1679
3,'App\Models\User',1680
3,'App\Models\User',1681
3,'App\Models\User',1682
3,'App\Models\User',1683
3,'App\Models\User',1684
3,'App\Models\User',1685
3,'App\Models\User',1686
3,'App\Models\User',1687
3,'App\Models\User',1688
3,'App\Models\User',1689
3,'App\Models\User',1690
3,'App\Models\User',1691
3,'App\Models\User',1692
3,'App\Models\User',1693
3,'App\Models\User',1694
3,'App\Models\User',1695
3,'App\Models\User',1696
3,'App\Models\User',1697
3,'App\Models\User',1698
3,'App\Models\User',1699
3,'App\Models\User',1700
3,'App\Models\User',1701
3,'App\Models\User',1702
3,'App\Models\User',1703
3,'App\Models\User',1704
3,'App\Models\User',1705
3,'App\Models\User',1706
3,'App\Models\User',1707
3,'App\Models\User',1708
3,'App\Models\User',1709
3,'App\Models\User',1710
3,'App\Models\User',1711
3,'App\Models\User',1712
3,'App\Models\User',1713
3,'App\Models\User',1714
3,'App\Models\User',1715
3,'App\Models\User',1716
3,'App\Models\User',1717
3,'App\Models\User',1718
3,'App\Models\User',1719
3,'App\Models\User',1720
3,'App\Models\User',1721
3,'App\Models\User',1722
3,'App\Models\User',1723
3,'App\Models\User',1724
3,'App\Models\User',1725
3,'App\Models\User',1726
3,'App\Models\User',1727
3,'App\Models\User',1728
3,'App\Models\User',1729
3,'App\Models\User',1730
3,'App\Models\User',1731
3,'App\Models\User',1732
3,'App\Models\User',1733
3,'App\Models\User',1734
3,'App\Models\User',1735
3,'App\Models\User',1736
3,'App\Models\User',1737
3,'App\Models\User',1738
3,'App\Models\User',1739
3,'App\Models\User',1740
3,'App\Models\User',1741
3,'App\Models\User',1742
3,'App\Models\User',1743
3,'App\Models\User',1744
3,'App\Models\User',1745
3,'App\Models\User',1746
3,'App\Models\User',1747
3,'App\Models\User',1748
3,'App\Models\User',1749
3,'App\Models\User',1750
3,'App\Models\User',1751
3,'App\Models\User',1752
3,'App\Models\User',1753
3,'App\Models\User',1754
3,'App\Models\User',1755
3,'App\Models\User',1756
3,'App\Models\User',1757
3,'App\Models\User',1758
3,'App\Models\User',1759
3,'App\Models\User',1760
3,'App\Models\User',1761
3,'App\Models\User',1762
3,'App\Models\User',1763
3,'App\Models\User',1764
3,'App\Models\User',1765
3,'App\Models\User',1766
3,'App\Models\User',1767
3,'App\Models\User',1768
3,'App\Models\User',1769
3,'App\Models\User',1770
3,'App\Models\User',1771
3,'App\Models\User',1772
3,'App\Models\User',1773
3,'App\Models\User',1774
3,'App\Models\User',1775
3,'App\Models\User',1776
3,'App\Models\User',1777
3,'App\Models\User',1778
3,'App\Models\User',1779
3,'App\Models\User',1780
3,'App\Models\User',1781
3,'App\Models\User',1782
3,'App\Models\User',1783
3,'App\Models\User',1784
3,'App\Models\User',1785
3,'App\Models\User',1786
3,'App\Models\User',1787
3,'App\Models\User',1788
3,'App\Models\User',1789
3,'App\Models\User',1790
